{
  "utter_goodbye": {
    "precision": 1.0,
    "recall": 1.0,
    "f1-score": 1.0,
    "support": 1
  },
  "action_listen": {
    "precision": 0.9,
    "recall": 0.75,
    "f1-score": 0.8181818181818182,
    "support": 12
  },
  "utter_iamabot": {
    "precision": 1.0,
    "recall": 1.0,
    "f1-score": 1.0,
    "support": 1
  },
  "restaurant_form": {
    "precision": 1.0,
    "recall": 0.8333333333333334,
    "f1-score": 0.9090909090909091,
    "support": 6
  },
  "utter_default": {
    "precision": 1.0,
    "recall": 1.0,
    "f1-score": 1.0,
    "support": 1
  },
  "utter_greet": {
    "precision": 1.0,
    "recall": 1.0,
    "f1-score": 1.0,
    "support": 1
  },
  "action_suggest_restaurant": {
    "precision": 1.0,
    "recall": 1.0,
    "f1-score": 1.0,
    "support": 3
  },
  "utter_submit": {
    "precision": 1.0,
    "recall": 1.0,
    "f1-score": 1.0,
    "support": 3
  },
  "micro avg": {
    "precision": 0.96,
    "recall": 0.8571428571428571,
    "f1-score": 0.9056603773584904,
    "support": 28
  },
  "macro avg": {
    "precision": 0.9875,
    "recall": 0.9479166666666667,
    "f1-score": 0.9659090909090909,
    "support": 28
  },
  "weighted avg": {
    "precision": 0.9571428571428572,
    "recall": 0.8571428571428571,
    "f1-score": 0.9025974025974026,
    "support": 28
  },
  "accuracy": 0.8571428571428571,
  "conversation_accuracy": {
    "accuracy": 0.5714285714285714,
    "correct": 4,
    "with_warnings": 0,
    "total": 7
  }
}