{
  "dietary_preferences": {
    "precision": 0.926829268292683,
    "recall": 1.0,
    "f1-score": 0.9620253164556963,
    "support": 38,
    "confused_with": {}
  },
  "time": {
    "precision": 1.0,
    "recall": 0.9259259259259259,
    "f1-score": 0.9615384615384615,
    "support": 27,
    "confused_with": {
      "number": 2
    }
  },
  "number": {
    "precision": 0.8823529411764706,
    "recall": 1.0,
    "f1-score": 0.9375,
    "support": 15,
    "confused_with": {}
  },
  "cuisine_preferences": {
    "precision": 1.0,
    "recall": 1.0,
    "f1-score": 1.0,
    "support": 25,
    "confused_with": {}
  },
  "past_restaurant_name": {
    "precision": 1.0,
    "recall": 1.0,
    "f1-score": 1.0,
    "support": 32,
    "confused_with": {}
  },
  "affirm": {
    "precision": 1.0,
    "recall": 1.0,
    "f1-score": 1.0,
    "support": 4,
    "confused_with": {}
  },
  "micro avg": {
    "precision": 0.9652777777777778,
    "recall": 0.9858156028368794,
    "f1-score": 0.9754385964912281,
    "support": 141
  },
  "macro avg": {
    "precision": 0.9681970349115255,
    "recall": 0.9876543209876543,
    "f1-score": 0.9768439629990263,
    "support": 141
  },
  "weighted avg": {
    "precision": 0.9677645837785035,
    "recall": 0.9858156028368794,
    "f1-score": 0.9757517765025171,
    "support": 141
  },
  "accuracy": 0.9943946188340808
}